title,keyword,lang,status
How to automate Telegram bot with n8n,n8n telegram bot tutorial,en,done
Best AI tools for freelance developers 2025,ai tools freelance developers,en,done
How to use Claude API for free: limits and tips,claude api free tier,en,done
n8n vs Make.com: which automation tool wins,n8n vs make automation,en,done
Python script to auto-post to Telegram channel,python telegram auto post script,en,done
How to scrape Google results with Python for free,python google scraper free,en,done
GitHub Actions free tier: what you can automate,github actions free automation,en,done
Build a GPT-powered FAQ bot in 30 minutes,gpt faq chatbot tutorial,en,pending
How to deploy Python bot on Render for free,deploy python bot render free,en,pending
Automate daily reports with Python and Google Sheets,python google sheets automation report,en,pending
Best no-code automation tools compared 2025,best no-code automation tools 2025,en,pending
How to build an AI content scheduler with Claude,ai content scheduler claude api,en,pending
Як автоматизувати постинг у Telegram через Python,автоматизація телеграм python,uk,pending
Кращі AI інструменти для розробників у 2025,ai інструменти розробник 2025,uk,pending
n8n українською: як налаштувати першу автоматизацію,n8n налаштування українська,uk,pending
Як заробити на партнерських програмах з IT-блогом,партнерські програми IT блог,uk,pending
Claude API безкоштовно: ліміти і як використати,claude api безкоштовно,uk,pending
RSS to Telegram bot with Python step by step,rss telegram bot python,en,pending
How to monitor website uptime for free with Python,python website uptime monitor free,en,pending
Notion API automation: sync databases automatically,notion api automation sync,en,pending
Send automated email reports with Python smtplib,python automated email report smtplib,en,pending
How to use OpenAI Assistants API with file search,openai assistants api file search,en,pending
Як розгорнути Python бота безкоштовно на Render,python бот render безкоштовно,uk,pending
Webhook vs polling: what to choose for Telegram bot,telegram bot webhook vs polling,en,pending
Automate LinkedIn posts with Python and AI,automate linkedin posts python,en,pending
Free alternatives to Zapier for developers,free zapier alternatives developers,en,pending
How to build a price tracker bot with Python,python price tracker bot,en,pending
Airtable API automation with Python tutorial,airtable api python automation,en,pending
Як використовувати GitHub Actions безкоштовно,github actions безкоштовно автоматизація,uk,pending
Build a Slack bot that summarizes meetings with AI,slack bot meeting summary ai,en,pending
